date,pseudo,contexte,composant,evenement
2025-12-04 16:48:46,71177,Fichier: Dataset COVID19 (big),Fichier,Module de cours consulté
2025-12-04 14:18:48,71177,Fichier: Dataset COVID19 (big),Fichier,Module de cours consulté
2025-12-04 14:18:30,71177,Cours: FC : Python avancée (2025-2026),Système,Cours consulté
2025-12-04 14:17:57,71177,Devoir: Espace de dépôt du TP Pendu/Tkinter,Devoir,Statut du travail remis consulté
2025-12-04 14:17:56,71177,Devoir: Espace de dépôt du TP Pendu/Tkinter,Devoir,Module de cours consulté
2025-12-04 13:37:52,71177,Fichier: Tkinter,Fichier,Module de cours consulté
2025-12-04 13:37:49,71177,Fichier: Pendu,Fichier,Module de cours consulté
2025-12-04 13:37:38,71177,Fichier: Tkinter,Système,Achèvement d’activité modifié
2025-12-04 13:37:38,71177,Fichier: Tkinter,Système,Achèvement d’activité modifié
2025-12-04 13:37:38,71177,Fichier: Tkinter,Fichier,Module de cours consulté
2025-12-04 13:37:23,71177,Présence: Présence,Présence,Rapport de session consulté
2025-12-04 13:37:23,71177,Présence: Présence,Présence,Statut de présence renseigné par l’étudiant
2025-12-04 13:36:55,71177,Présence: Présence,Présence,Rapport de session consulté
2025-12-04 13:36:52,71177,Cours: FC : Python avancée (2025-2026),Système,Cours consulté
2025-12-03 16:10:09,71177,Cours: FC : Python avancée (2025-2026),Système,Cours consulté
2025-12-03 16:04:19,71177,Cours: FC : Python avancée (2025-2026),Système,Cours consulté
2025-12-03 14:48:10,71177,Fichier: Pendu,Système,Achèvement d’activité modifié
2025-12-03 14:48:10,71177,Fichier: Pendu,Système,Achèvement d’activité modifié
2025-12-03 14:48:10,71177,Fichier: Pendu,Fichier,Module de cours consulté
2025-12-03 14:48:05,71177,Cours: FC : Python avancée (2025-2026),Système,Cours consulté
2025-12-03 13:38:26,71177,Cours: FC : Python avancée (2025-2026),Système,Cours consulté
2025-12-03 13:38:09,71177,Présence: Présence,Présence,Rapport de session consulté
2025-12-03 13:38:09,71177,Présence: Présence,Présence,Statut de présence renseigné par l’étudiant
2025-12-03 13:37:46,71177,Présence: Présence,Présence,Rapport de session consulté
2025-12-03 13:37:37,71177,Cours: FC : Python avancée (2025-2026),Système,Cours consulté
2025-12-03 13:37:28,71177,Cours: FC : Python avancée (2025-2026),Système,Cours consulté
2025-12-02 17:05:03,71177,Fichier: Automobiles,Fichier,Module de cours consulté
2025-12-02 17:04:50,71177,Cours: FC : Python avancée (2025-2026),Système,Cours consulté
2025-11-27 15:47:45,71177,Fichier: POO #2,Système,Achèvement d’activité modifié
2025-11-27 15:47:45,71177,Fichier: POO #2,Système,Achèvement d’activité modifié
2025-11-27 15:47:45,71177,Fichier: POO #2,Fichier,Module de cours consulté
2025-11-27 15:46:52,71177,Fichier: POO #1,Système,Achèvement d’activité modifié
2025-11-27 15:46:52,71177,Fichier: POO #1,Système,Achèvement d’activité modifié
2025-11-27 15:46:52,71177,Fichier: POO #1,Fichier,Module de cours consulté
2025-11-27 15:46:08,71177,Fichier: Automobiles,Système,Achèvement d’activité modifié
2025-11-27 15:46:08,71177,Fichier: Automobiles,Système,Achèvement d’activité modifié
2025-11-27 15:46:08,71177,Fichier: Automobiles,Fichier,Module de cours consulté
2025-11-27 15:45:41,71177,Cours: FC : Python avancée (2025-2026),Système,Cours consulté
2025-11-27 13:37:40,71177,Présence: Présence,Présence,Rapport de session consulté
2025-11-27 13:37:40,71177,Présence: Présence,Présence,Statut de présence renseigné par l’étudiant
2025-11-27 13:37:40,71177,Cours: FC : Python avancée (2025-2026),Système,Utilisateur évalué
2025-11-27 13:37:18,71177,Présence: Présence,Présence,Rapport de session consulté
2025-11-27 13:37:14,71177,Cours: FC : Python avancée (2025-2026),Système,Cours consulté
2025-11-27 09:26:12,71177,Présence: Présence,Présence,Rapport de session consulté
2025-11-26 17:07:30,71177,Présence: Présence,Présence,Rapport de session consulté
2025-11-26 17:07:24,71177,Présence: Présence,Présence,Rapport de session consulté
2025-11-26 17:07:24,71177,Présence: Présence,Présence,Rapport de session consulté
2025-11-26 17:07:23,71177,Présence: Présence,Présence,Rapport de session consulté
2025-11-26 17:07:19,71177,Présence: Présence,Présence,Rapport de session consulté
2025-11-26 17:07:15,71177,Présence: Présence,Présence,Rapport de session consulté
2025-11-26 17:06:53,71177,Présence: Présence,Présence,Rapport de session consulté
2025-11-26 17:06:50,71177,Cours: FC : Python avancée (2025-2026),Système,Cours consulté
2025-11-26 17:06:48,71177,Cours: FC : Python avancée (2025-2026),Système,Liste d’utilisateurs consultée
2025-11-26 17:06:45,71177,Cours: FC : Python avancée (2025-2026),Système,Cours consulté
2025-11-26 17:06:22,71177,Présence: Présence,Présence,Rapport de session consulté
2025-11-26 15:43:09,71177,Fichier: Dataset Automobiles,Fichier,Module de cours consulté
2025-11-26 15:42:56,71177,Cours: FC : Python avancée (2025-2026),Système,Cours consulté
2025-11-26 14:21:31,71177,Cours: FC : Python avancée (2025-2026),Système,Cours consulté
2025-11-26 14:21:18,71177,Présence: Présence,Présence,Rapport de session consulté
2025-11-26 14:21:10,71177,Présence: Présence,Présence,Rapport de session consulté
2025-11-26 14:15:03,71177,Présence: Présence,Présence,Rapport de session consulté
2025-11-26 14:14:59,71177,Présence: Présence,Présence,Rapport de session consulté
2025-11-26 14:13:42,71177,Présence: Présence,Présence,Rapport de session consulté
2025-11-26 14:11:38,71177,Cours: FC : Python avancée (2025-2026),Système,Cours consulté
2025-11-26 10:04:38,71177,Cours: FC : Python avancée (2025-2026),Système,Cours consulté
2025-11-26 10:04:34,71177,Forum: Forum (questions/réponses),Forum,Module de cours consulté
2025-11-26 09:41:02,71177,Fichier: Organisation,Système,Achèvement d’activité modifié
2025-11-26 09:41:02,71177,Fichier: Organisation,Système,Achèvement d’activité modifié
2025-11-26 09:41:02,71177,Fichier: Organisation,Fichier,Module de cours consulté
2025-11-26 09:40:51,71177,Cours: FC : Python avancée (2025-2026),Système,Cours consulté
2025-12-05 09:11:26,23208,Cours: FC : Python avancée (2025-2026),Système,Cours consulté
2025-12-04 14:28:31,23208,Cours: FC : Python avancée (2025-2026),Système,Cours consulté
2025-12-04 14:15:08,23208,Fichier: Dataset COVID19 (big),Fichier,Module de cours consulté
2025-12-04 14:15:04,23208,Fichier: Organisation,Fichier,Module de cours consulté
2025-12-04 14:14:57,23208,Fichier: Organisation,Fichier,Module de cours consulté
2025-12-04 14:14:46,23208,Devoir: Espace de dépôt du TP Pendu/Tkinter,Devoir,Statut du travail remis consulté
2025-12-04 14:14:46,23208,Devoir: Espace de dépôt du TP Pendu/Tkinter,Devoir,Module de cours consulté
2025-12-04 14:14:40,23208,Cours: FC : Python avancée (2025-2026),Système,Cours consulté
2025-12-04 14:14:06,23208,Devoir: Espace de dépôt du TP Pendu/Tkinter,Devoir,Statut du travail remis consulté
2025-12-04 14:14:05,23208,Devoir: Espace de dépôt du TP Pendu/Tkinter,Devoir,Module de cours consulté
2025-12-04 13:37:04,23208,Présence: Présence,Présence,Rapport de session consulté
2025-12-04 13:37:04,23208,Présence: Présence,Présence,Statut de présence renseigné par l’étudiant
2025-12-04 13:36:46,23208,Présence: Présence,Présence,Rapport de session consulté
2025-12-04 13:36:44,23208,Cours: FC : Python avancée (2025-2026),Système,Cours consulté
2025-12-04 10:54:18,23208,Fichier: Tkinter,Système,Achèvement d’activité modifié
2025-12-04 10:54:18,23208,Fichier: Tkinter,Système,Achèvement d’activité modifié
2025-12-04 10:54:18,23208,Fichier: Tkinter,Fichier,Module de cours consulté
2025-12-04 10:54:11,23208,Cours: FC : Python avancée (2025-2026),Système,Cours consulté
2025-12-03 14:47:43,23208,Fichier: Pendu,Système,Achèvement d’activité modifié
2025-12-03 14:47:43,23208,Fichier: Pendu,Système,Achèvement d’activité modifié
2025-12-03 14:47:43,23208,Fichier: Pendu,Fichier,Module de cours consulté
2025-12-03 14:47:36,23208,Cours: FC : Python avancée (2025-2026),Système,Cours consulté
2025-12-03 14:47:15,23208,Présence: Présence,Présence,Rapport de session consulté
2025-12-03 14:47:08,23208,Présence: Présence,Présence,Rapport de session consulté
2025-12-03 13:37:40,23208,Présence: Présence,Présence,Rapport de session consulté
2025-12-03 13:37:40,23208,Présence: Présence,Présence,Statut de présence renseigné par l’étudiant
2025-12-03 13:37:27,23208,Présence: Présence,Présence,Rapport de session consulté
2025-12-03 13:37:24,23208,Cours: FC : Python avancée (2025-2026),Système,Cours consulté
2025-11-28 09:29:17,23208,Cours: FC : Python avancée (2025-2026),Système,Cours consulté
2025-11-27 15:15:45,23208,Fichier: POO #2,Système,Achèvement d’activité modifié
2025-11-27 15:15:45,23208,Fichier: POO #2,Système,Achèvement d’activité modifié
2025-11-27 15:15:45,23208,Fichier: POO #2,Fichier,Module de cours consulté
2025-11-27 15:15:37,23208,Présence: Présence,Présence,Rapport de session consulté
2025-11-27 15:15:34,23208,Présence: Présence,Présence,Rapport de session consulté
2025-11-27 13:35:13,23208,Présence: Présence,Présence,Rapport de session consulté
2025-11-27 13:35:13,23208,Présence: Présence,Présence,Statut de présence renseigné par l’étudiant
2025-11-27 13:35:02,23208,Présence: Présence,Présence,Rapport de session consulté
2025-11-27 13:35:00,23208,Cours: FC : Python avancée (2025-2026),Système,Cours consulté
2025-11-26 15:42:14,23208,Fichier: Dataset Automobiles,Fichier,Module de cours consulté
2025-11-26 15:42:11,23208,Cours: FC : Python avancée (2025-2026),Système,Cours consulté
2025-11-26 15:42:03,23208,Présence: Présence,Présence,Rapport de session consulté
2025-11-26 15:42:03,23208,Présence: Présence,Présence,Statut de présence renseigné par l’étudiant
2025-11-26 15:42:03,23208,Cours: FC : Python avancée (2025-2026),Système,Utilisateur évalué
2025-11-26 15:41:49,23208,Présence: Présence,Présence,Rapport de session consulté
2025-11-26 15:40:33,23208,Cours: FC : Python avancée (2025-2026),Système,Cours consulté
2025-11-26 14:11:16,23208,Cours: FC : Python avancée (2025-2026),Système,Cours consulté
2025-11-26 14:11:05,23208,Présence: Présence,Présence,Rapport de session consulté
2025-11-26 14:11:01,23208,Cours: FC : Python avancée (2025-2026),Système,Cours consulté
2025-11-25 18:58:16,23208,Fichier: Organisation,Système,Achèvement d’activité modifié
2025-11-25 18:58:16,23208,Fichier: Organisation,Système,Achèvement d’activité modifié
2025-11-25 18:58:16,23208,Fichier: Organisation,Fichier,Module de cours consulté
2025-11-25 18:58:07,23208,Cours: FC : Python avancée (2025-2026),Système,Cours consulté
2025-12-05 16:24:56,46657,Présence: Présence,Présence,Rapport de session consulté
2025-12-05 15:58:24,46657,Cours: FC : Python avancée (2025-2026),Système,Cours consulté
2025-12-05 15:58:09,46657,Devoir: Espace de dépôt du TP Pendu/Tkinter,Devoir,Statut du travail remis consulté
2025-12-05 15:58:09,46657,Devoir: Espace de dépôt du TP Pendu/Tkinter,Devoir,Module de cours consulté
2025-12-05 15:57:46,46657,Fichier: Tkinter,Système,Achèvement d’activité modifié
2025-12-05 15:57:46,46657,Fichier: Tkinter,Système,Achèvement d’activité modifié
2025-12-05 15:57:46,46657,Fichier: Tkinter,Fichier,Module de cours consulté
2025-12-05 15:57:35,46657,Cours: FC : Python avancée (2025-2026),Système,Cours consulté
2025-12-04 10:02:12,46657,Cours: FC : Python avancée (2025-2026),Rapport du participant,Rapport d’évaluation utilisateur consulté
2025-12-04 10:02:10,46657,Cours: FC : Python avancée (2025-2026),Système,Liste d’utilisateurs consultée
2025-12-04 10:01:48,46657,Devoir: Espace de dépôt du TP Pendu/Tkinter,Devoir,Statut du travail remis consulté
2025-12-04 10:01:48,46657,Devoir: Espace de dépôt du TP Pendu/Tkinter,Devoir,Module de cours consulté
2025-12-04 10:01:40,46657,Cours: FC : Python avancée (2025-2026),Système,Cours consulté
2025-12-04 10:00:43,46657,Devoir: Espace de dépôt du TP Pendu/Tkinter,Devoir,Statut du travail remis consulté
2025-12-04 10:00:43,46657,Devoir: Espace de dépôt du TP Pendu/Tkinter,Devoir,Module de cours consulté
2025-12-04 10:00:08,46657,Cours: FC : Python avancée (2025-2026),Système,Cours consulté
2025-12-03 14:47:42,46657,Fichier: Pendu,Système,Achèvement d’activité modifié
2025-12-03 14:47:42,46657,Fichier: Pendu,Système,Achèvement d’activité modifié
2025-12-03 14:47:42,46657,Fichier: Pendu,Fichier,Module de cours consulté
2025-12-03 14:47:33,46657,Présence: Présence,Présence,Rapport de session consulté
2025-12-03 13:40:35,46657,Fichier: POO #2,Fichier,Module de cours consulté
2025-12-03 13:40:33,46657,Forum: Forum (questions/réponses),Forum,Module de cours consulté
2025-12-03 13:40:11,46657,Fichier: POO #2,Fichier,Module de cours consulté
2025-12-03 13:39:38,46657,Présence: Présence,Présence,Rapport de session consulté
2025-12-03 13:39:38,46657,Présence: Présence,Présence,Statut de présence renseigné par l’étudiant
2025-12-03 13:39:17,46657,Présence: Présence,Présence,Rapport de session consulté
2025-12-03 13:39:09,46657,Cours: FC : Python avancée (2025-2026),Système,Cours consulté
2025-11-27 15:21:20,46657,Fichier: POO #2,Système,Achèvement d’activité modifié
2025-11-27 15:21:20,46657,Fichier: POO #2,Système,Achèvement d’activité modifié
2025-11-27 15:21:20,46657,Fichier: POO #2,Fichier,Module de cours consulté
2025-11-27 15:16:56,46657,Cours: FC : Python avancée (2025-2026),Système,Cours consulté
2025-11-27 13:37:14,46657,Présence: Présence,Présence,Rapport de session consulté
2025-11-27 13:37:14,46657,Présence: Présence,Présence,Statut de présence renseigné par l’étudiant
2025-11-27 13:36:57,46657,Présence: Présence,Présence,Rapport de session consulté
2025-11-27 13:36:46,46657,Cours: FC : Python avancée (2025-2026),Système,Cours consulté
2025-11-27 09:53:59,46657,Fichier: Organisation,Fichier,Module de cours consulté
2025-11-27 09:53:47,46657,Cours: FC : Python avancée (2025-2026),Système,Cours consulté
2025-11-26 15:42:45,46657,Fichier: Dataset Automobiles,Fichier,Module de cours consulté
2025-11-26 15:42:39,46657,Cours: FC : Python avancée (2025-2026),Système,Cours consulté
2025-11-26 15:40:47,46657,Cours: FC : Python avancée (2025-2026),Système,Cours consulté
2025-11-26 14:19:59,46657,Fichier: Organisation,Fichier,Module de cours consulté
2025-11-26 14:19:55,46657,Cours: FC : Python avancée (2025-2026),Système,Cours consulté
2025-11-26 14:19:52,46657,Cours: FC : Python avancée (2025-2026),Système,Cours consulté
2025-11-26 14:12:24,46657,Présence: Présence,Présence,Rapport de session consulté
2025-11-26 14:12:16,46657,Présence: Présence,Présence,Rapport de session consulté
2025-11-26 14:12:03,46657,Présence: Présence,Présence,Rapport de session consulté
2025-11-26 14:12:03,46657,Présence: Présence,Présence,Statut de présence renseigné par l’étudiant
2025-11-26 14:12:03,46657,Cours: FC : Python avancée (2025-2026),Système,Utilisateur évalué
2025-11-26 14:11:36,46657,Présence: Présence,Présence,Rapport de session consulté
2025-11-26 14:11:32,46657,Cours: FC : Python avancée (2025-2026),Système,Cours consulté
2025-11-26 14:11:28,46657,Présence: Présence,Présence,Rapport de session consulté
2025-11-26 14:11:01,46657,Forum: Forum (questions/réponses),Forum,Module de cours consulté
2025-11-26 14:10:57,46657,Fichier: Organisation,Fichier,Module de cours consulté
2025-11-26 14:10:47,46657,Présence: Présence,Présence,Rapport de session consulté
2025-11-26 14:10:45,46657,Cours: FC : Python avancée (2025-2026),Système,Cours consulté
2025-11-26 11:31:06,46657,Fichier: Organisation,Fichier,Module de cours consulté
2025-11-26 11:30:53,46657,Cours: FC : Python avancée (2025-2026),Système,Cours consulté
2025-11-26 11:30:44,46657,Présence: Présence,Présence,Rapport de session consulté
2025-11-26 11:30:15,46657,Présence: Présence,Présence,Rapport de session consulté
2025-11-26 11:30:12,46657,Cours: FC : Python avancée (2025-2026),Système,Cours consulté
2025-11-26 09:07:42,46657,Fichier: Organisation,Système,Achèvement d’activité modifié
2025-11-26 09:07:42,46657,Fichier: Organisation,Système,Achèvement d’activité modifié
2025-11-26 09:07:42,46657,Fichier: Organisation,Fichier,Module de cours consulté
2025-11-26 09:07:29,46657,Cours: FC : Python avancée (2025-2026),Système,Cours consulté
2025-11-26 09:07:05,46657,Présence: Présence,Présence,Rapport de session consulté
2025-11-26 09:06:59,46657,Présence: Présence,Présence,Rapport de session consulté
2025-11-26 09:06:33,46657,Présence: Présence,Présence,Rapport de session consulté
2025-11-26 09:06:29,46657,Forum: Forum (questions/réponses),Forum,Module de cours consulté
2025-11-26 09:06:18,46657,Cours: FC : Python avancée (2025-2026),Système,Cours consulté
2025-12-05 11:44:38,95697,Fichier: Tkinter,Fichier,Module de cours consulté
2025-12-05 09:53:23,95697,Fichier: Tkinter,Système,Achèvement d’activité modifié
2025-12-05 09:53:23,95697,Fichier: Tkinter,Système,Achèvement d’activité modifié
2025-12-05 09:53:23,95697,Fichier: Tkinter,Fichier,Module de cours consulté
2025-12-05 09:53:10,95697,Cours: FC : Python avancée (2025-2026),Système,Cours consulté
2025-12-04 15:59:42,95697,Fichier: Dataset COVID19 (big),Fichier,Module de cours consulté
2025-12-04 15:59:33,95697,Cours: FC : Python avancée (2025-2026),Système,Cours consulté
2025-12-04 15:58:48,95697,Cours: FC : Python avancée (2025-2026),Système,Cours consulté
2025-12-04 15:56:51,95697,Présence: Présence,Présence,Rapport de session consulté
2025-12-04 15:56:51,95697,Présence: Présence,Présence,Statut de présence renseigné par l’étudiant
2025-12-04 15:56:51,95697,Cours: FC : Python avancée (2025-2026),Système,Utilisateur évalué
2025-12-04 15:56:32,95697,Présence: Présence,Présence,Rapport de session consulté
2025-12-04 15:56:27,95697,Cours: FC : Python avancée (2025-2026),Système,Cours consulté
2025-12-03 16:03:30,95697,Cours: FC : Python avancée (2025-2026),Système,Cours consulté
2025-12-03 16:03:07,95697,Fichier: Organisation,Fichier,Module de cours consulté
2025-12-03 16:02:55,95697,Cours: FC : Python avancée (2025-2026),Système,Cours consulté
2025-12-03 14:53:53,95697,Fichier: Pendu,Système,Achèvement d’activité modifié
2025-12-03 14:53:53,95697,Fichier: Pendu,Système,Achèvement d’activité modifié
2025-12-03 14:53:53,95697,Fichier: Pendu,Fichier,Module de cours consulté
2025-12-03 14:53:42,95697,Forum: Forum (questions/réponses),Forum,Module de cours consulté
2025-12-03 14:53:39,95697,Cours: FC : Python avancée (2025-2026),Système,Cours consulté
2025-12-03 14:53:33,95697,Présence: Présence,Présence,Rapport de session consulté
2025-12-03 13:39:34,95697,Présence: Présence,Présence,Rapport de session consulté
2025-12-03 13:39:34,95697,Présence: Présence,Présence,Statut de présence renseigné par l’étudiant
2025-12-03 13:39:04,95697,Présence: Présence,Présence,Rapport de session consulté
2025-12-03 13:38:31,95697,Cours: FC : Python avancée (2025-2026),Système,Cours consulté
2025-12-03 13:37:53,95697,Cours: FC : Python avancée (2025-2026),Rapport du participant,Rapport d’évaluation utilisateur consulté
2025-12-03 13:37:50,95697,Cours: FC : Python avancée (2025-2026),Système,Liste d’utilisateurs consultée
2025-12-03 13:37:39,95697,Cours: FC : Python avancée (2025-2026),Système,Cours consulté
2025-11-27 15:57:25,95697,Cours: FC : Python avancée (2025-2026),Système,Cours consulté
2025-11-27 15:56:35,95697,Cours: FC : Python avancée (2025-2026),Visites guidées,Visite guidée terminée
2025-11-27 15:56:35,95697,Cours: FC : Python avancée (2025-2026),Visites guidées,Visite guidée commencée
2025-11-27 15:56:34,95697,Cours: FC : Python avancée (2025-2026),Système,Liste d’utilisateurs consultée
2025-11-27 15:56:25,95697,Cours: FC : Python avancée (2025-2026),Système,Cours consulté
2025-11-27 15:30:15,95697,Fichier: Organisation,Fichier,Module de cours consulté
2025-11-27 15:30:06,95697,Cours: FC : Python avancée (2025-2026),Système,Cours consulté
2025-11-27 14:13:30,95697,Présence: Présence,Présence,Rapport de session consulté
2025-11-27 13:45:11,95697,Présence: Présence,Présence,Rapport de session consulté
2025-11-27 13:45:11,95697,Présence: Présence,Présence,Statut de présence renseigné par l’étudiant
2025-11-27 13:44:42,95697,Présence: Présence,Présence,Rapport de session consulté
2025-11-27 13:44:37,95697,Cours: FC : Python avancée (2025-2026),Système,Cours consulté
2025-11-26 15:43:20,95697,Fichier: Dataset Automobiles,Fichier,Module de cours consulté
2025-11-26 15:43:14,95697,Cours: FC : Python avancée (2025-2026),Système,Cours consulté
2025-11-26 15:42:52,95697,Présence: Présence,Présence,Rapport de session consulté
2025-11-26 14:14:01,95697,Présence: Présence,Présence,Rapport de session consulté
2025-11-26 14:14:01,95697,Présence: Présence,Présence,Statut de présence renseigné par l’étudiant
2025-11-26 14:14:01,95697,Cours: FC : Python avancée (2025-2026),Système,Utilisateur évalué
2025-11-26 14:12:58,95697,Présence: Présence,Présence,Rapport de session consulté
2025-11-26 14:12:53,95697,Cours: FC : Python avancée (2025-2026),Système,Cours consulté
2025-11-26 13:44:23,95697,Fichier: Organisation,Système,Achèvement d’activité modifié
2025-11-26 13:44:23,95697,Fichier: Organisation,Système,Achèvement d’activité modifié
2025-11-26 13:44:23,95697,Fichier: Organisation,Fichier,Module de cours consulté
2025-11-26 13:44:13,95697,Cours: FC : Python avancée (2025-2026),Système,Cours consulté
2025-12-05 14:31:17,54897,Cours: FC : Python avancée (2025-2026),Système,Cours consulté
2025-12-04 14:15:57,54897,Fichier: Dataset COVID19 (big),Fichier,Module de cours consulté
2025-12-04 14:15:19,54897,Cours: FC : Python avancée (2025-2026),Système,Cours consulté
2025-12-04 13:37:07,54897,Présence: Présence,Présence,Rapport de session consulté
2025-12-04 13:37:07,54897,Présence: Présence,Présence,Statut de présence renseigné par l’étudiant
2025-12-04 13:36:49,54897,Présence: Présence,Présence,Rapport de session consulté
2025-12-04 13:36:43,54897,Cours: FC : Python avancée (2025-2026),Système,Cours consulté
2025-12-04 12:23:15,54897,Fichier: Tkinter,Système,Achèvement d’activité modifié
2025-12-04 12:23:15,54897,Fichier: Tkinter,Système,Achèvement d’activité modifié
2025-12-04 12:23:15,54897,Fichier: Tkinter,Fichier,Module de cours consulté
2025-12-04 12:23:07,54897,Cours: FC : Python avancée (2025-2026),Système,Cours consulté
2025-12-04 11:52:41,54897,Fichier: Pendu,Fichier,Module de cours consulté
2025-12-04 11:52:35,54897,Cours: FC : Python avancée (2025-2026),Système,Cours consulté
2025-12-04 11:51:00,54897,Fichier: Pendu,Fichier,Module de cours consulté
2025-12-04 11:41:04,54897,Cours: FC : Python avancée (2025-2026),Système,Cours consulté
2025-12-03 16:03:05,54897,Cours: FC : Python avancée (2025-2026),Système,Cours consulté
2025-12-03 14:48:25,54897,Fichier: Pendu,Système,Achèvement d’activité modifié
2025-12-03 14:48:25,54897,Fichier: Pendu,Système,Achèvement d’activité modifié
2025-12-03 14:48:25,54897,Fichier: Pendu,Fichier,Module de cours consulté
2025-12-03 14:48:20,54897,Cours: FC : Python avancée (2025-2026),Système,Cours consulté
2025-12-03 14:48:10,54897,Présence: Présence,Présence,Rapport de session consulté
2025-12-03 13:37:57,54897,Présence: Présence,Présence,Rapport de session consulté
2025-12-03 13:37:57,54897,Présence: Présence,Présence,Statut de présence renseigné par l’étudiant
2025-12-03 13:37:37,54897,Présence: Présence,Présence,Rapport de session consulté
2025-12-03 13:37:30,54897,Cours: FC : Python avancée (2025-2026),Système,Cours consulté
2025-12-03 12:31:11,54897,Fichier: POO #2,Fichier,Module de cours consulté
2025-12-03 12:30:56,54897,Cours: FC : Python avancée (2025-2026),Système,Cours consulté
2025-12-02 10:45:21,54897,Cours: FC : Python avancée (2025-2026),Système,Cours consulté
2025-11-27 16:31:57,54897,Fichier: POO #2,Système,Achèvement d’activité modifié
2025-11-27 16:31:57,54897,Fichier: POO #2,Système,Achèvement d’activité modifié
2025-11-27 16:31:57,54897,Fichier: POO #2,Fichier,Module de cours consulté
2025-11-27 16:31:42,54897,Cours: FC : Python avancée (2025-2026),Système,Cours consulté
2025-11-27 13:36:13,54897,Présence: Présence,Présence,Rapport de session consulté
2025-11-27 13:36:08,54897,Forum: Forum (questions/réponses),Forum,Module de cours consulté
2025-11-27 13:35:48,54897,Présence: Présence,Présence,Rapport de session consulté
2025-11-27 13:35:43,54897,Cours: FC : Python avancée (2025-2026),Système,Cours consulté
2025-11-27 13:35:22,54897,Présence: Présence,Présence,Rapport de session consulté
2025-11-27 13:35:22,54897,Présence: Présence,Présence,Statut de présence renseigné par l’étudiant
2025-11-27 13:35:04,54897,Présence: Présence,Présence,Rapport de session consulté
2025-11-27 13:17:03,54897,Présence: Présence,Présence,Rapport de session consulté
2025-11-27 13:16:58,54897,Cours: FC : Python avancée (2025-2026),Système,Cours consulté
2025-11-27 10:11:33,54897,Forum: Forum (questions/réponses),Forum,Module de cours consulté
2025-11-27 10:02:28,54897,Cours: FC : Python avancée (2025-2026),Système,Cours consulté
2025-11-26 17:12:09,54897,Forum: Forum (questions/réponses),Forum,Module de cours consulté
2025-11-26 17:11:55,54897,Cours: FC : Python avancée (2025-2026),Système,Cours consulté
2025-11-26 15:43:09,54897,Fichier: Dataset Automobiles,Fichier,Module de cours consulté
2025-11-26 15:42:39,54897,Cours: FC : Python avancée (2025-2026),Système,Cours consulté
2025-11-26 15:42:04,54897,Cours: FC : Python avancée (2025-2026),Système,Cours consulté
2025-11-26 15:02:14,54897,Cours: FC : Python avancée (2025-2026),Système,Cours consulté
2025-11-26 14:12:24,54897,Présence: Présence,Présence,Rapport de session consulté
2025-11-26 14:12:20,54897,Présence: Présence,Présence,Rapport de session consulté
2025-11-26 14:12:05,54897,Présence: Présence,Présence,Rapport de session consulté
2025-11-26 14:12:05,54897,Présence: Présence,Présence,Statut de présence renseigné par l’étudiant
2025-11-26 14:12:05,54897,Cours: FC : Python avancée (2025-2026),Système,Utilisateur évalué
2025-11-26 14:11:27,54897,Présence: Présence,Présence,Rapport de session consulté
2025-11-26 14:11:19,54897,Cours: FC : Python avancée (2025-2026),Système,Cours consulté
2025-11-25 19:18:14,54897,Fichier: Organisation,Système,Achèvement d’activité modifié
2025-11-25 19:18:14,54897,Fichier: Organisation,Système,Achèvement d’activité modifié
2025-11-25 19:18:14,54897,Fichier: Organisation,Fichier,Module de cours consulté
2025-11-25 19:18:07,54897,Cours: FC : Python avancée (2025-2026),Système,Cours consulté
2025-11-25 19:17:39,54897,Forum: Forum (questions/réponses),Forum,Module de cours consulté
2025-11-25 19:17:20,54897,Présence: Présence,Présence,Rapport de session consulté
2025-11-25 19:17:10,54897,Cours: FC : Python avancée (2025-2026),Système,Cours consulté
2025-11-25 19:17:06,54897,Forum: Forum (questions/réponses),Forum,Module de cours consulté
2025-11-25 19:16:58,54897,Cours: FC : Python avancée (2025-2026),Système,Cours consulté
2025-12-04 15:04:22,16716,Fichier: Dataset COVID19 (big),Fichier,Module de cours consulté
2025-12-04 15:04:17,16716,Cours: FC : Python avancée (2025-2026),Système,Cours consulté
2025-12-04 14:06:19,16716,Devoir: Espace de dépôt du TP Pendu/Tkinter,Devoir,Statut du travail remis consulté
2025-12-04 14:06:19,16716,Devoir: Espace de dépôt du TP Pendu/Tkinter,Devoir,Module de cours consulté
2025-12-04 14:06:18,16716,Devoir: Espace de dépôt du TP Pendu/Tkinter,Devoir,Travail de devoir remis
2025-12-04 14:06:18,16716,Devoir: Espace de dépôt du TP Pendu/Tkinter,Remises de fichiers,Travail de devoir modifié
2025-12-04 14:06:18,16716,Devoir: Espace de dépôt du TP Pendu/Tkinter,Remises de fichiers,Fichier déposé
2025-12-04 14:06:17,16716,Devoir: Espace de dépôt du TP Pendu/Tkinter,Devoir,Module de cours consulté
2025-12-04 14:05:27,16716,Devoir: Espace de dépôt du TP Pendu/Tkinter,Devoir,Formulaire de remise consulté
2025-12-04 14:05:27,16716,Devoir: Espace de dépôt du TP Pendu/Tkinter,Devoir,Module de cours consulté
2025-12-04 14:05:22,16716,Devoir: Espace de dépôt du TP Pendu/Tkinter,Devoir,Statut du travail remis consulté
2025-12-04 14:05:22,16716,Devoir: Espace de dépôt du TP Pendu/Tkinter,Devoir,Module de cours consulté
2025-12-04 14:05:19,16716,Cours: FC : Python avancée (2025-2026),Système,Cours consulté
2025-12-04 13:37:19,16716,Présence: Présence,Présence,Rapport de session consulté
2025-12-04 13:37:19,16716,Présence: Présence,Présence,Statut de présence renseigné par l’étudiant
2025-12-04 13:37:08,16716,Présence: Présence,Présence,Rapport de session consulté
2025-12-04 13:37:01,16716,Cours: FC : Python avancée (2025-2026),Système,Cours consulté
2025-12-04 12:33:30,16716,Cours: FC : Python avancée (2025-2026),Système,Cours consulté
2025-12-04 12:33:26,16716,Fichier: Dataset Automobiles,Fichier,Module de cours consulté
2025-12-04 12:33:19,16716,Devoir: Espace de dépôt du TP Pendu/Tkinter,Devoir,Statut du travail remis consulté
2025-12-04 12:33:19,16716,Devoir: Espace de dépôt du TP Pendu/Tkinter,Devoir,Module de cours consulté
2025-12-04 12:33:19,16716,Devoir: Espace de dépôt du TP Pendu/Tkinter,Devoir,Travail de devoir remis
2025-12-04 12:33:19,16716,Devoir: Espace de dépôt du TP Pendu/Tkinter,Système,Achèvement d’activité modifié
2025-12-04 12:33:19,16716,Devoir: Espace de dépôt du TP Pendu/Tkinter,Remises de fichiers,Travail de devoir créé
2025-12-04 12:33:19,16716,Devoir: Espace de dépôt du TP Pendu/Tkinter,Remises de fichiers,Fichier déposé
2025-12-04 12:33:19,16716,Devoir: Espace de dépôt du TP Pendu/Tkinter,Devoir,Module de cours consulté
2025-12-04 12:33:11,16716,Devoir: Espace de dépôt du TP Pendu/Tkinter,Devoir,Formulaire de remise consulté
2025-12-04 12:33:11,16716,Devoir: Espace de dépôt du TP Pendu/Tkinter,Devoir,Module de cours consulté
2025-12-04 12:33:09,16716,Devoir: Espace de dépôt du TP Pendu/Tkinter,Devoir,Statut du travail remis consulté
2025-12-04 12:33:09,16716,Devoir: Espace de dépôt du TP Pendu/Tkinter,Devoir,Module de cours consulté
2025-12-04 10:17:18,16716,Fichier: Pendu,Fichier,Module de cours consulté
2025-12-04 10:16:53,16716,Fichier: Tkinter,Fichier,Module de cours consulté
2025-12-04 10:16:50,16716,Cours: FC : Python avancée (2025-2026),Système,Cours consulté
2025-12-04 10:16:47,16716,Fichier: Tkinter,Fichier,Module de cours consulté
2025-12-04 10:16:32,16716,Cours: FC : Python avancée (2025-2026),Système,Cours consulté
2025-12-04 10:16:25,16716,Fichier: Tkinter,Système,Achèvement d’activité modifié
2025-12-04 10:16:25,16716,Fichier: Tkinter,Système,Achèvement d’activité modifié
2025-12-04 10:16:25,16716,Fichier: Tkinter,Fichier,Module de cours consulté
2025-12-04 10:08:34,16716,Devoir: Espace de dépôt du TP Pendu/Tkinter,Devoir,Statut du travail remis consulté
2025-12-04 10:08:34,16716,Devoir: Espace de dépôt du TP Pendu/Tkinter,Devoir,Module de cours consulté
2025-12-04 10:08:27,16716,Cours: FC : Python avancée (2025-2026),Système,Cours consulté
2025-12-03 14:54:55,16716,Fichier: Pendu,Système,Achèvement d’activité modifié
2025-12-03 14:54:55,16716,Fichier: Pendu,Système,Achèvement d’activité modifié
2025-12-03 14:54:55,16716,Fichier: Pendu,Fichier,Module de cours consulté
2025-12-03 14:54:52,16716,Cours: FC : Python avancée (2025-2026),Système,Cours consulté
2025-12-03 14:51:43,16716,Fichier: POO #2,Fichier,Module de cours consulté
2025-12-03 14:51:40,16716,Fichier: Dataset Automobiles,Fichier,Module de cours consulté
2025-12-03 14:51:38,16716,Fichier: POO #2,Fichier,Module de cours consulté
2025-12-03 14:50:42,16716,Présence: Présence,Présence,Rapport de session consulté
2025-12-03 14:50:36,16716,Présence: Présence,Présence,Rapport de session consulté
2025-12-03 13:39:11,16716,Présence: Présence,Présence,Rapport de session consulté
2025-12-03 13:39:10,16716,Présence: Présence,Présence,Statut de présence renseigné par l’étudiant
2025-12-03 13:38:53,16716,Présence: Présence,Présence,Rapport de session consulté
2025-12-03 13:38:51,16716,Cours: FC : Python avancée (2025-2026),Système,Cours consulté
2025-11-27 16:56:15,16716,Cours: FC : Python avancée (2025-2026),Système,Cours consulté
2025-11-27 16:34:45,16716,Fichier: Organisation,Fichier,Module de cours consulté
2025-11-27 16:34:32,16716,Fichier: Organisation,Système,Achèvement d’activité modifié
2025-11-27 16:34:32,16716,Fichier: Organisation,Système,Achèvement d’activité modifié
2025-11-27 16:34:32,16716,Fichier: Organisation,Fichier,Module de cours consulté
2025-11-27 16:34:13,16716,Fichier: Automobiles,Système,Achèvement d’activité modifié
2025-11-27 16:34:13,16716,Fichier: Automobiles,Système,Achèvement d’activité modifié
2025-11-27 16:34:13,16716,Fichier: Automobiles,Fichier,Module de cours consulté
2025-11-27 16:33:40,16716,Fichier: POO #1,Fichier,Module de cours consulté
2025-11-27 16:33:37,16716,Fichier: POO #2,Fichier,Module de cours consulté
2025-11-27 16:33:34,16716,Fichier: POO #2,Système,Achèvement d’activité modifié
2025-11-27 16:33:34,16716,Fichier: POO #2,Système,Achèvement d’activité modifié
2025-11-27 16:33:34,16716,Fichier: POO #2,Fichier,Module de cours consulté
2025-11-27 16:33:28,16716,Cours: FC : Python avancée (2025-2026),Système,Cours consulté
2025-11-27 13:36:25,16716,Fichier: POO #1,Système,Achèvement d’activité modifié
2025-11-27 13:36:25,16716,Fichier: POO #1,Système,Achèvement d’activité modifié
2025-11-27 13:36:25,16716,Fichier: POO #1,Fichier,Module de cours consulté
2025-11-27 13:36:08,16716,Présence: Présence,Présence,Rapport de session consulté
2025-11-27 13:36:08,16716,Présence: Présence,Présence,Statut de présence renseigné par l’étudiant
2025-11-27 13:35:55,16716,Présence: Présence,Présence,Rapport de session consulté
2025-11-27 13:35:50,16716,Cours: FC : Python avancée (2025-2026),Système,Cours consulté
2025-11-26 15:48:04,16716,Fichier: Dataset Automobiles,Fichier,Module de cours consulté
2025-11-26 15:47:58,16716,Cours: FC : Python avancée (2025-2026),Système,Cours consulté
2025-11-26 14:11:57,16716,Présence: Présence,Présence,Rapport de session consulté
2025-11-26 14:11:39,16716,Présence: Présence,Présence,Rapport de session consulté
2025-11-26 14:11:38,16716,Présence: Présence,Présence,Statut de présence renseigné par l’étudiant
2025-11-26 14:11:38,16716,Cours: FC : Python avancée (2025-2026),Système,Utilisateur évalué
2025-11-26 14:11:07,16716,Présence: Présence,Présence,Rapport de session consulté
2025-11-26 14:10:59,16716,Cours: FC : Python avancée (2025-2026),Système,Cours consulté
2025-11-26 14:10:56,16716,Cours: FC : Python avancée (2025-2026),Système,Liste d’utilisateurs consultée
2025-11-26 14:10:41,16716,Cours: FC : Python avancée (2025-2026),Système,Cours consulté
2025-12-04 14:18:18,4600,Cours: FC : Python avancée (2025-2026),Système,Cours consulté
2025-12-04 14:16:40,4600,Fichier: Dataset COVID19 (big),Fichier,Module de cours consulté
2025-12-04 14:16:35,4600,Cours: FC : Python avancée (2025-2026),Système,Cours consulté
2025-12-04 13:56:19,4600,Cours: FC : Python avancée (2025-2026),Système,Cours consulté
2025-12-04 13:56:12,4600,Devoir: Espace de dépôt du TP Pendu/Tkinter,Devoir,Statut du travail remis consulté
2025-12-04 13:56:11,4600,Devoir: Espace de dépôt du TP Pendu/Tkinter,Devoir,Module de cours consulté
2025-12-04 13:44:38,4600,Fichier: Tkinter,Système,Achèvement d’activité modifié
2025-12-04 13:44:38,4600,Fichier: Tkinter,Système,Achèvement d’activité modifié
2025-12-04 13:44:38,4600,Fichier: Tkinter,Fichier,Module de cours consulté
2025-12-04 13:42:52,4600,Cours: FC : Python avancée (2025-2026),Système,Cours consulté
2025-12-04 13:42:48,4600,Présence: Présence,Présence,Rapport de session consulté
2025-12-04 13:42:46,4600,Cours: FC : Python avancée (2025-2026),Système,Cours consulté
2025-12-04 13:42:40,4600,Présence: Présence,Présence,Rapport de session consulté
2025-12-04 13:42:40,4600,Présence: Présence,Présence,Statut de présence renseigné par l’étudiant
2025-12-04 13:42:25,4600,Présence: Présence,Présence,Rapport de session consulté
2025-12-04 13:42:21,4600,Cours: FC : Python avancée (2025-2026),Système,Cours consulté
2025-12-04 10:54:10,4600,Fichier: Pendu,Fichier,Module de cours consulté
2025-12-04 10:54:04,4600,Fichier: Pendu,Fichier,Module de cours consulté
2025-12-04 10:53:58,4600,Cours: FC : Python avancée (2025-2026),Système,Cours consulté
2025-12-03 14:59:14,4600,Fichier: Pendu,Système,Achèvement d’activité modifié
2025-12-03 14:59:14,4600,Fichier: Pendu,Système,Achèvement d’activité modifié
2025-12-03 14:59:14,4600,Fichier: Pendu,Fichier,Module de cours consulté
2025-12-03 14:59:09,4600,Cours: FC : Python avancée (2025-2026),Système,Cours consulté
2025-12-03 13:44:27,4600,Fichier: POO #2,Fichier,Module de cours consulté
2025-12-03 13:44:18,4600,Cours: FC : Python avancée (2025-2026),Système,Cours consulté
2025-12-03 13:37:54,4600,Présence: Présence,Présence,Rapport de session consulté
2025-12-03 13:37:54,4600,Présence: Présence,Présence,Statut de présence renseigné par l’étudiant
2025-12-03 13:37:38,4600,Présence: Présence,Présence,Rapport de session consulté
2025-12-03 13:37:35,4600,Cours: FC : Python avancée (2025-2026),Système,Cours consulté
2025-11-27 16:38:24,4600,Fichier: POO #2,Fichier,Module de cours consulté
2025-11-27 15:45:05,4600,Fichier: POO #2,Système,Achèvement d’activité modifié
2025-11-27 15:45:05,4600,Fichier: POO #2,Système,Achèvement d’activité modifié
2025-11-27 15:45:05,4600,Fichier: POO #2,Fichier,Module de cours consulté
2025-11-27 15:35:22,4600,Cours: FC : Python avancée (2025-2026),Système,Cours consulté
2025-11-27 15:02:47,4600,Fichier: POO #1,Système,Achèvement d’activité modifié
2025-11-27 15:02:47,4600,Fichier: POO #1,Système,Achèvement d’activité modifié
2025-11-27 15:02:47,4600,Fichier: POO #1,Fichier,Module de cours consulté
2025-11-27 15:02:42,4600,Cours: FC : Python avancée (2025-2026),Système,Cours consulté
2025-11-27 14:03:20,4600,Cours: FC : Python avancée (2025-2026),Système,Cours consulté
2025-11-27 14:03:17,4600,Présence: Présence,Présence,Rapport de session consulté
2025-11-27 13:35:58,4600,Présence: Présence,Présence,Rapport de session consulté
2025-11-27 13:35:58,4600,Présence: Présence,Présence,Statut de présence renseigné par l’étudiant
2025-11-27 13:35:44,4600,Présence: Présence,Présence,Rapport de session consulté
2025-11-27 13:35:43,4600,Cours: FC : Python avancée (2025-2026),Système,Cours consulté
2025-11-26 16:33:31,4600,Cours: FC : Python avancée (2025-2026),Système,Cours consulté
2025-11-26 15:42:37,4600,Fichier: Dataset Automobiles,Fichier,Module de cours consulté
2025-11-26 15:42:19,4600,Cours: FC : Python avancée (2025-2026),Système,Cours consulté
2025-11-26 15:41:16,4600,Cours: FC : Python avancée (2025-2026),Système,Cours consulté
2025-11-26 15:41:11,4600,Cours: FC : Python avancée (2025-2026),Système,Cours consulté
2025-11-26 15:40:41,4600,Cours: FC : Python avancée (2025-2026),Système,Cours consulté
2025-11-26 15:36:26,4600,Cours: FC : Python avancée (2025-2026),Système,Cours consulté
2025-11-26 14:26:42,4600,Fichier: Organisation,Fichier,Module de cours consulté
2025-11-26 14:26:39,4600,Cours: FC : Python avancée (2025-2026),Système,Cours consulté
2025-11-26 14:22:52,4600,Présence: Présence,Présence,Rapport de session consulté
2025-11-26 14:22:52,4600,Présence: Présence,Présence,Statut de présence renseigné par l’étudiant
2025-11-26 14:22:52,4600,Cours: FC : Python avancée (2025-2026),Système,Utilisateur évalué
2025-11-26 14:22:40,4600,Présence: Présence,Présence,Rapport de session consulté
2025-11-26 14:14:22,4600,Cours: FC : Python avancée (2025-2026),Système,Cours consulté
2025-11-26 14:10:19,4600,Présence: Présence,Présence,Rapport de session consulté
2025-11-26 13:43:04,4600,Cours: FC : Python avancée (2025-2026),Système,Cours consulté
2025-11-25 18:57:52,4600,Cours: FC : Python avancée (2025-2026),Système,Liste d’utilisateurs consultée
2025-11-25 18:57:40,4600,Cours: FC : Python avancée (2025-2026),Système,Cours consulté
2025-11-25 18:52:07,4600,Fichier: Organisation,Système,Achèvement d’activité modifié
2025-11-25 18:52:07,4600,Fichier: Organisation,Système,Achèvement d’activité modifié
2025-11-25 18:52:07,4600,Fichier: Organisation,Fichier,Module de cours consulté
2025-11-25 18:52:05,4600,Cours: FC : Python avancée (2025-2026),Système,Cours consulté
2025-11-25 18:52:02,4600,Présence: Présence,Présence,Rapport de session consulté
2025-11-25 18:51:58,4600,Cours: FC : Python avancée (2025-2026),Système,Cours consulté
2025-12-04 14:15:45,8206,Fichier: Dataset COVID19 (big),Fichier,Module de cours consulté
2025-12-04 14:15:39,8206,Cours: FC : Python avancée (2025-2026),Système,Cours consulté
2025-12-04 14:15:37,8206,Présence: Présence,Présence,Rapport de session consulté
2025-12-04 13:37:22,8206,Présence: Présence,Présence,Rapport de session consulté
2025-12-04 13:37:20,8206,Présence: Présence,Présence,Statut de présence renseigné par l’étudiant
2025-12-04 13:37:05,8206,Présence: Présence,Présence,Rapport de session consulté
2025-12-04 13:36:57,8206,Cours: FC : Python avancée (2025-2026),Système,Cours consulté
2025-12-04 10:17:37,8206,Fichier: Tkinter,Fichier,Module de cours consulté
2025-12-04 10:17:35,8206,Fichier: Pendu,Fichier,Module de cours consulté
2025-12-04 10:02:26,8206,Fichier: Tkinter,Système,Achèvement d’activité modifié
2025-12-04 10:02:26,8206,Fichier: Tkinter,Système,Achèvement d’activité modifié
2025-12-04 10:02:26,8206,Fichier: Tkinter,Fichier,Module de cours consulté
2025-12-04 10:02:11,8206,Devoir: Espace de dépôt du TP Pendu/Tkinter,Devoir,Statut du travail remis consulté
2025-12-04 10:02:11,8206,Devoir: Espace de dépôt du TP Pendu/Tkinter,Devoir,Module de cours consulté
2025-12-04 10:01:57,8206,Cours: FC : Python avancée (2025-2026),Système,Cours consulté
2025-12-03 16:03:28,8206,Cours: FC : Python avancée (2025-2026),Système,Cours consulté
2025-12-03 14:47:41,8206,Fichier: Pendu,Système,Achèvement d’activité modifié
2025-12-03 14:47:41,8206,Fichier: Pendu,Système,Achèvement d’activité modifié
2025-12-03 14:47:41,8206,Fichier: Pendu,Fichier,Module de cours consulté
2025-12-03 14:47:37,8206,Cours: FC : Python avancée (2025-2026),Système,Cours consulté
2025-12-03 13:38:11,8206,Présence: Présence,Présence,Rapport de session consulté
2025-12-03 13:38:11,8206,Présence: Présence,Présence,Statut de présence renseigné par l’étudiant
2025-12-03 13:37:57,8206,Présence: Présence,Présence,Rapport de session consulté
2025-12-03 13:37:55,8206,Cours: FC : Python avancée (2025-2026),Système,Cours consulté
2025-12-03 13:37:31,8206,Cours: FC : Python avancée (2025-2026),Système,Cours consulté
2025-12-03 12:39:19,8206,Présence: Présence,Présence,Rapport de session consulté
2025-12-03 11:30:41,8206,Présence: Présence,Présence,Rapport de session consulté
2025-12-03 11:30:38,8206,Fichier: Organisation,Fichier,Module de cours consulté
2025-12-03 11:15:27,8206,Fichier: Dataset Automobiles,Fichier,Module de cours consulté
2025-12-03 11:13:26,8206,Fichier: POO #2,Système,Achèvement d’activité modifié
2025-12-03 11:13:26,8206,Fichier: POO #2,Système,Achèvement d’activité modifié
2025-12-03 11:13:26,8206,Fichier: POO #2,Fichier,Module de cours consulté
2025-12-03 11:13:04,8206,Fichier: Automobiles,Système,Achèvement d’activité modifié
2025-12-03 11:13:04,8206,Fichier: Automobiles,Système,Achèvement d’activité modifié
2025-12-03 11:13:04,8206,Fichier: Automobiles,Fichier,Module de cours consulté
2025-12-03 11:12:51,8206,Cours: FC : Python avancée (2025-2026),Système,Cours consulté
2025-11-27 13:35:49,8206,Fichier: POO #1,Système,Achèvement d’activité modifié
2025-11-27 13:35:49,8206,Fichier: POO #1,Système,Achèvement d’activité modifié
2025-11-27 13:35:49,8206,Fichier: POO #1,Fichier,Module de cours consulté
2025-11-27 13:35:43,8206,Fichier: Organisation,Fichier,Module de cours consulté
2025-11-27 13:35:20,8206,Présence: Présence,Présence,Rapport de session consulté
2025-11-27 13:35:20,8206,Présence: Présence,Présence,Statut de présence renseigné par l’étudiant
2025-11-27 13:35:08,8206,Présence: Présence,Présence,Rapport de session consulté
2025-11-27 13:33:54,8206,Cours: FC : Python avancée (2025-2026),Système,Cours consulté
2025-11-26 15:43:13,8206,Fichier: Dataset Automobiles,Fichier,Module de cours consulté
2025-11-26 15:43:10,8206,Cours: FC : Python avancée (2025-2026),Système,Cours consulté
2025-11-26 14:14:22,8206,Cours: FC : Python avancée (2025-2026),Système,Cours consulté
2025-11-26 14:11:31,8206,Forum: Forum (questions/réponses),Forum,Module de cours consulté
2025-11-26 14:11:30,8206,Présence: Présence,Présence,Rapport de session consulté
2025-11-26 14:11:28,8206,Fichier: Organisation,Fichier,Module de cours consulté
2025-11-26 14:11:16,8206,Présence: Présence,Présence,Rapport de session consulté
2025-11-26 14:11:16,8206,Présence: Présence,Présence,Statut de présence renseigné par l’étudiant
2025-11-26 14:11:16,8206,Cours: FC : Python avancée (2025-2026),Système,Utilisateur évalué
2025-11-26 14:10:47,8206,Présence: Présence,Présence,Rapport de session consulté
2025-11-26 14:10:43,8206,Cours: FC : Python avancée (2025-2026),Système,Cours consulté
2025-11-26 09:14:41,8206,Fichier: Organisation,Système,Achèvement d’activité modifié
2025-11-26 09:14:41,8206,Fichier: Organisation,Système,Achèvement d’activité modifié
2025-11-26 09:14:41,8206,Fichier: Organisation,Fichier,Module de cours consulté
2025-11-26 09:14:31,8206,Présence: Présence,Présence,Rapport de session consulté
2025-11-26 09:14:29,8206,Forum: Forum (questions/réponses),Forum,Module de cours consulté
2025-11-26 09:14:25,8206,Cours: FC : Python avancée (2025-2026),Système,Cours consulté
2025-12-05 14:14:17,45747,Devoir: Espace de dépôt du TP Pendu/Tkinter,Devoir,Statut du travail remis consulté
2025-12-05 14:14:17,45747,Devoir: Espace de dépôt du TP Pendu/Tkinter,Devoir,Module de cours consulté
2025-12-05 11:51:22,45747,Cours: FC : Python avancée (2025-2026),Système,Cours consulté
2025-12-04 20:54:28,45747,Devoir: Espace de dépôt du TP Pendu/Tkinter,Devoir,Statut du travail remis consulté
2025-12-04 20:54:28,45747,Devoir: Espace de dépôt du TP Pendu/Tkinter,Devoir,Module de cours consulté
2025-12-04 20:54:21,45747,Fichier: Dataset COVID19 (big),Fichier,Module de cours consulté
2025-12-04 20:54:16,45747,Devoir: Espace de dépôt du TP Pendu/Tkinter,Devoir,Statut du travail remis consulté
2025-12-04 20:54:16,45747,Devoir: Espace de dépôt du TP Pendu/Tkinter,Devoir,Module de cours consulté
2025-12-04 20:54:16,45747,Devoir: Espace de dépôt du TP Pendu/Tkinter,Devoir,Travail de devoir remis
2025-12-04 20:54:16,45747,Devoir: Espace de dépôt du TP Pendu/Tkinter,Système,Achèvement d’activité modifié
2025-12-04 20:54:16,45747,Devoir: Espace de dépôt du TP Pendu/Tkinter,Remises de fichiers,Travail de devoir créé
2025-12-04 20:54:16,45747,Devoir: Espace de dépôt du TP Pendu/Tkinter,Remises de fichiers,Fichier déposé
2025-12-04 20:54:16,45747,Devoir: Espace de dépôt du TP Pendu/Tkinter,Devoir,Module de cours consulté
2025-12-04 20:53:31,45747,Devoir: Espace de dépôt du TP Pendu/Tkinter,Devoir,Formulaire de remise consulté
2025-12-04 20:53:31,45747,Devoir: Espace de dépôt du TP Pendu/Tkinter,Devoir,Module de cours consulté
2025-12-04 20:47:59,45747,Devoir: Espace de dépôt du TP Pendu/Tkinter,Devoir,Statut du travail remis consulté
2025-12-04 20:47:59,45747,Devoir: Espace de dépôt du TP Pendu/Tkinter,Devoir,Module de cours consulté
2025-12-04 20:47:44,45747,Cours: FC : Python avancée (2025-2026),Système,Cours consulté
2025-12-04 14:15:35,45747,Fichier: Dataset COVID19 (big),Fichier,Module de cours consulté
2025-12-04 14:15:21,45747,Cours: FC : Python avancée (2025-2026),Système,Cours consulté
2025-12-04 13:56:50,45747,Fichier: Tkinter,Fichier,Module de cours consulté
2025-12-04 13:56:24,45747,Cours: FC : Python avancée (2025-2026),Système,Cours consulté
2025-12-04 13:56:20,45747,Présence: Présence,Présence,Rapport de session consulté
2025-12-04 13:36:59,45747,Présence: Présence,Présence,Rapport de session consulté
2025-12-04 13:36:59,45747,Présence: Présence,Présence,Statut de présence renseigné par l’étudiant
2025-12-04 13:36:41,45747,Présence: Présence,Présence,Rapport de session consulté
2025-12-04 13:28:19,45747,Fichier: Tkinter,Fichier,Module de cours consulté
2025-12-04 13:27:51,45747,Fichier: Pendu,Fichier,Module de cours consulté
2025-12-04 13:27:14,45747,Cours: FC : Python avancée (2025-2026),Système,Cours consulté
2025-12-04 10:32:00,45747,Fichier: Tkinter,Système,Achèvement d’activité modifié
2025-12-04 10:32:00,45747,Fichier: Tkinter,Système,Achèvement d’activité modifié
2025-12-04 10:32:00,45747,Fichier: Tkinter,Fichier,Module de cours consulté
2025-12-04 10:31:55,45747,Cours: FC : Python avancée (2025-2026),Système,Cours consulté
2025-12-04 08:54:11,45747,Fichier: Pendu,Système,Achèvement d’activité modifié
2025-12-04 08:54:11,45747,Fichier: Pendu,Système,Achèvement d’activité modifié
2025-12-04 08:54:11,45747,Fichier: Pendu,Fichier,Module de cours consulté
2025-12-03 16:03:27,45747,Fichier: Organisation,Fichier,Module de cours consulté
2025-12-03 16:03:22,45747,Cours: FC : Python avancée (2025-2026),Système,Cours consulté
2025-12-03 13:38:21,45747,Présence: Présence,Présence,Rapport de session consulté
2025-12-03 13:38:21,45747,Présence: Présence,Présence,Statut de présence renseigné par l’étudiant
2025-12-03 13:38:01,45747,Présence: Présence,Présence,Rapport de session consulté
2025-12-03 13:37:49,45747,Cours: FC : Python avancée (2025-2026),Système,Cours consulté
2025-11-27 19:17:08,45747,Présence: Présence,Présence,Rapport de session consulté
2025-11-27 19:16:58,45747,Cours: FC : Python avancée (2025-2026),Système,Cours consulté
2025-11-27 17:38:19,45747,Fichier: POO #2,Système,Achèvement d’activité modifié
2025-11-27 17:38:19,45747,Fichier: POO #2,Système,Achèvement d’activité modifié
2025-11-27 17:38:19,45747,Fichier: POO #2,Fichier,Module de cours consulté
2025-11-27 17:38:03,45747,Fichier: Automobiles,Système,Achèvement d’activité modifié
2025-11-27 17:38:03,45747,Fichier: Automobiles,Système,Achèvement d’activité modifié
2025-11-27 17:38:03,45747,Fichier: Automobiles,Fichier,Module de cours consulté
2025-11-27 17:37:47,45747,Fichier: POO #1,Système,Achèvement d’activité modifié
2025-11-27 17:37:47,45747,Fichier: POO #1,Système,Achèvement d’activité modifié
2025-11-27 17:37:47,45747,Fichier: POO #1,Fichier,Module de cours consulté
2025-11-27 17:37:30,45747,Cours: FC : Python avancée (2025-2026),Système,Cours consulté
2025-11-27 13:36:47,45747,Présence: Présence,Présence,Rapport de session consulté
2025-11-27 13:36:47,45747,Présence: Présence,Présence,Statut de présence renseigné par l’étudiant
2025-11-27 13:36:47,45747,Cours: FC : Python avancée (2025-2026),Système,Utilisateur évalué
2025-11-27 13:31:48,45747,Présence: Présence,Présence,Rapport de session consulté
2025-11-27 13:31:43,45747,Cours: FC : Python avancée (2025-2026),Système,Cours consulté
2025-11-26 18:09:55,45747,Présence: Présence,Présence,Rapport de session consulté
2025-11-26 18:09:48,45747,Cours: FC : Python avancée (2025-2026),Système,Cours consulté
2025-11-26 18:09:39,45747,Présence: Présence,Présence,Rapport de session consulté
2025-11-26 17:07:03,45747,Présence: Présence,Présence,Rapport de session consulté
2025-11-26 17:07:01,45747,Cours: FC : Python avancée (2025-2026),Système,Cours consulté
2025-11-26 15:42:33,45747,Fichier: Dataset Automobiles,Fichier,Module de cours consulté
2025-11-26 15:42:28,45747,Cours: FC : Python avancée (2025-2026),Système,Cours consulté
2025-11-26 15:40:41,45747,Cours: FC : Python avancée (2025-2026),Système,Cours consulté
2025-11-26 14:11:00,45747,Cours: FC : Python avancée (2025-2026),Système,Cours consulté
2025-11-26 14:10:10,45747,Présence: Présence,Présence,Rapport de session consulté
2025-11-26 14:09:27,45747,Présence: Présence,Présence,Rapport de session consulté
2025-11-26 14:09:17,45747,Cours: FC : Python avancée (2025-2026),Système,Cours consulté
2025-11-26 10:02:28,45747,Fichier: Organisation,Système,Achèvement d’activité modifié
2025-11-26 10:02:28,45747,Fichier: Organisation,Système,Achèvement d’activité modifié
2025-11-26 10:02:28,45747,Fichier: Organisation,Fichier,Module de cours consulté
2025-11-26 10:02:24,45747,Cours: FC : Python avancée (2025-2026),Système,Cours consulté
2025-12-04 16:29:43,12939,Cours: FC : Python avancée (2025-2026),Système,Cours consulté
2025-12-04 14:16:27,12939,Fichier: Dataset COVID19 (big),Fichier,Module de cours consulté
2025-12-04 14:16:19,12939,Cours: FC : Python avancée (2025-2026),Système,Cours consulté
2025-12-04 14:14:04,12939,Cours: FC : Python avancée (2025-2026),Système,Cours consulté
2025-12-04 14:14:00,12939,Cours: FC : Python avancée (2025-2026),Système,Cours consulté
2025-12-04 14:13:56,12939,Cours: FC : Python avancée (2025-2026),Système,Cours consulté
2025-12-04 14:13:30,12939,Cours: FC : Python avancée (2025-2026),Système,Cours consulté
2025-12-04 14:06:03,12939,Cours: FC : Python avancée (2025-2026),Système,Cours consulté
2025-12-04 14:05:58,12939,Présence: Présence,Présence,Rapport de session consulté
2025-12-04 13:39:56,12939,Fichier: Tkinter,Fichier,Module de cours consulté
2025-12-04 13:38:40,12939,Fichier: Tkinter,Fichier,Module de cours consulté
2025-12-04 13:38:29,12939,Cours: FC : Python avancée (2025-2026),Système,Cours consulté
2025-12-04 13:38:17,12939,Fichier: Organisation,Fichier,Module de cours consulté
2025-12-04 13:38:11,12939,Présence: Présence,Présence,Rapport de session consulté
2025-12-04 13:38:10,12939,Présence: Présence,Présence,Statut de présence renseigné par l’étudiant
2025-12-04 13:37:53,12939,Présence: Présence,Présence,Rapport de session consulté
2025-12-04 13:37:45,12939,Cours: FC : Python avancée (2025-2026),Système,Cours consulté
2025-12-04 13:36:52,12939,Devoir: Espace de dépôt du TP Pendu/Tkinter,Devoir,Statut du travail remis consulté
2025-12-04 13:36:52,12939,Devoir: Espace de dépôt du TP Pendu/Tkinter,Devoir,Module de cours consulté
2025-12-04 10:04:50,12939,Devoir: Espace de dépôt du TP Pendu/Tkinter,Devoir,Statut du travail remis consulté
2025-12-04 10:04:50,12939,Devoir: Espace de dépôt du TP Pendu/Tkinter,Devoir,Module de cours consulté
2025-12-04 10:04:46,12939,Cours: FC : Python avancée (2025-2026),Système,Cours consulté
2025-12-04 10:04:29,12939,Devoir: Espace de dépôt du TP Pendu/Tkinter,Devoir,Statut du travail remis consulté
2025-12-04 10:04:28,12939,Devoir: Espace de dépôt du TP Pendu/Tkinter,Devoir,Module de cours consulté
2025-12-04 10:04:19,12939,Cours: FC : Python avancée (2025-2026),Système,Cours consulté
2025-12-04 10:02:05,12939,Fichier: Tkinter,Système,Achèvement d’activité modifié
2025-12-04 10:02:05,12939,Fichier: Tkinter,Système,Achèvement d’activité modifié
2025-12-04 10:02:05,12939,Fichier: Tkinter,Fichier,Module de cours consulté
2025-12-04 10:01:47,12939,Cours: FC : Python avancée (2025-2026),Système,Cours consulté
2025-12-03 16:03:47,12939,Cours: FC : Python avancée (2025-2026),Système,Cours consulté
2025-12-03 16:03:19,12939,Cours: FC : Python avancée (2025-2026),Système,Cours consulté
2025-12-03 15:09:11,12939,Fichier: Pendu,Fichier,Module de cours consulté
2025-12-03 15:09:04,12939,Cours: FC : Python avancée (2025-2026),Système,Cours consulté
2025-12-03 14:48:59,12939,Fichier: Pendu,Système,Achèvement d’activité modifié
2025-12-03 14:48:59,12939,Fichier: Pendu,Système,Achèvement d’activité modifié
2025-12-03 14:48:59,12939,Fichier: Pendu,Fichier,Module de cours consulté
2025-12-03 14:48:45,12939,Cours: FC : Python avancée (2025-2026),Système,Cours consulté
2025-12-03 13:37:59,12939,Présence: Présence,Présence,Rapport de session consulté
2025-12-03 13:37:59,12939,Présence: Présence,Présence,Statut de présence renseigné par l’étudiant
2025-12-03 13:37:22,12939,Présence: Présence,Présence,Rapport de session consulté
2025-12-03 13:29:29,12939,Présence: Présence,Présence,Rapport de session consulté
2025-12-03 13:28:57,12939,Cours: FC : Python avancée (2025-2026),Système,Cours consulté
2025-12-03 12:38:04,12939,Cours: FC : Python avancée (2025-2026),Système,Cours consulté
2025-12-03 11:09:17,12939,Fichier: POO #1,Fichier,Module de cours consulté
2025-12-03 11:07:22,12939,Fichier: Dataset Automobiles,Fichier,Module de cours consulté
2025-12-03 11:07:05,12939,Cours: FC : Python avancée (2025-2026),Système,Cours consulté
2025-12-03 11:06:53,12939,Fichier: POO #2,Système,Achèvement d’activité modifié
2025-12-03 11:06:53,12939,Fichier: POO #2,Système,Achèvement d’activité modifié
2025-12-03 11:06:53,12939,Fichier: POO #2,Fichier,Module de cours consulté
2025-12-03 11:06:16,12939,Fichier: Automobiles,Système,Achèvement d’activité modifié
2025-12-03 11:06:16,12939,Fichier: Automobiles,Système,Achèvement d’activité modifié
2025-12-03 11:06:16,12939,Fichier: Automobiles,Fichier,Module de cours consulté
2025-12-03 11:05:51,12939,Cours: FC : Python avancée (2025-2026),Système,Cours consulté
2025-11-27 14:28:53,12939,Cours: FC : Python avancée (2025-2026),Système,Cours consulté
2025-11-27 14:28:50,12939,Cours: FC : Python avancée (2025-2026),Système,Liste d’utilisateurs consultée
2025-11-27 14:28:42,12939,Cours: FC : Python avancée (2025-2026),Système,Cours consulté
2025-11-27 14:17:26,12939,Cours: FC : Python avancée (2025-2026),Système,Cours consulté
2025-11-27 14:17:26,12939,Cours: FC : Python avancée (2025-2026),Système,Cours consulté
2025-11-27 14:17:26,12939,Cours: FC : Python avancée (2025-2026),Système,Cours consulté
2025-11-27 14:17:25,12939,Cours: FC : Python avancée (2025-2026),Système,Cours consulté
2025-11-27 14:17:25,12939,Cours: FC : Python avancée (2025-2026),Système,Cours consulté
2025-11-27 14:17:25,12939,Cours: FC : Python avancée (2025-2026),Système,Cours consulté
2025-11-27 14:17:10,12939,Fichier: POO #1,Fichier,Module de cours consulté
2025-11-27 14:16:55,12939,Fichier: Dataset Automobiles,Fichier,Module de cours consulté
2025-11-27 14:16:53,12939,Fichier: POO #1,Système,Achèvement d’activité modifié
2025-11-27 14:16:53,12939,Fichier: POO #1,Système,Achèvement d’activité modifié
2025-11-27 14:16:53,12939,Fichier: POO #1,Fichier,Module de cours consulté
2025-11-27 14:16:48,12939,Fichier: Organisation,Fichier,Module de cours consulté
2025-11-27 13:35:15,12939,Présence: Présence,Présence,Rapport de session consulté
2025-11-27 13:35:15,12939,Présence: Présence,Présence,Statut de présence renseigné par l’étudiant
2025-11-27 13:34:56,12939,Présence: Présence,Présence,Rapport de session consulté
2025-11-27 13:26:31,12939,Présence: Présence,Présence,Rapport de session consulté
2025-11-27 13:26:29,12939,Cours: FC : Python avancée (2025-2026),Système,Cours consulté
2025-11-27 13:26:25,12939,Forum: Forum (questions/réponses),Forum,Module de cours consulté
2025-11-27 13:26:20,12939,Cours: FC : Python avancée (2025-2026),Système,Cours consulté
2025-11-27 13:22:21,12939,Cours: FC : Python avancée (2025-2026),Système,Cours consulté
2025-11-26 15:42:28,12939,Fichier: Dataset Automobiles,Fichier,Module de cours consulté
2025-11-26 15:42:19,12939,Cours: FC : Python avancée (2025-2026),Système,Cours consulté
2025-11-26 15:41:38,12939,Cours: FC : Python avancée (2025-2026),Système,Cours consulté
2025-11-26 15:41:34,12939,Cours: FC : Python avancée (2025-2026),Système,Cours consulté
2025-11-26 15:41:24,12939,Cours: FC : Python avancée (2025-2026),Système,Cours consulté
2025-11-26 14:22:16,12939,Cours: FC : Python avancée (2025-2026),Système,Profil utilisateur consulté
2025-11-26 14:21:59,12939,Cours: FC : Python avancée (2025-2026),Système,Profil utilisateur consulté
2025-11-26 14:21:41,12939,Cours: FC : Python avancée (2025-2026),Système,Liste d’utilisateurs consultée
2025-11-26 14:20:07,12939,Cours: FC : Python avancée (2025-2026),Système,Cours consulté
2025-11-26 14:14:45,12939,Cours: FC : Python avancée (2025-2026),Système,Cours consulté
2025-11-26 14:10:53,12939,Présence: Présence,Présence,Rapport de session consulté
2025-11-26 14:10:52,12939,Présence: Présence,Présence,Statut de présence renseigné par l’étudiant
2025-11-26 14:10:52,12939,Cours: FC : Python avancée (2025-2026),Système,Utilisateur évalué
2025-11-26 14:10:26,12939,Présence: Présence,Présence,Rapport de session consulté
2025-11-26 13:38:50,12939,Fichier: Organisation,Fichier,Module de cours consulté
2025-11-26 13:38:34,12939,Présence: Présence,Présence,Rapport de session consulté
2025-11-26 13:38:26,12939,Forum: Forum (questions/réponses),Forum,Module de cours consulté
2025-11-26 13:38:03,12939,Cours: FC : Python avancée (2025-2026),Système,Cours consulté
2025-11-26 09:36:58,12939,Fichier: Organisation,Fichier,Module de cours consulté
2025-11-26 09:36:55,12939,Cours: FC : Python avancée (2025-2026),Système,Cours consulté
2025-11-26 09:36:44,12939,Fichier: Organisation,Système,Achèvement d’activité modifié
2025-11-26 09:36:44,12939,Fichier: Organisation,Système,Achèvement d’activité modifié
2025-11-26 09:36:44,12939,Fichier: Organisation,Fichier,Module de cours consulté
2025-11-26 09:36:15,12939,Présence: Présence,Présence,Rapport de session consulté
2025-11-26 09:36:12,12939,Cours: FC : Python avancée (2025-2026),Système,Cours consulté
2025-11-26 09:36:03,12939,Forum: Forum (questions/réponses),Forum,Module de cours consulté
2025-11-26 09:35:53,12939,Cours: FC : Python avancée (2025-2026),Système,Cours consulté
2025-11-26 09:35:53,12939,Cours: FC : Python avancée (2025-2026),Système,Cours consulté
2025-12-05 14:32:40,25307,Fichier: Dataset COVID19 (big),Fichier,Module de cours consulté
2025-12-05 14:32:13,25307,Cours: FC : Python avancée (2025-2026),Système,Cours consulté
2025-12-05 14:32:10,25307,Présence: Présence,Présence,Rapport de session consulté
2025-12-05 14:32:06,25307,Cours: FC : Python avancée (2025-2026),Système,Cours consulté
2025-12-04 14:15:45,25307,Fichier: Dataset COVID19 (big),Fichier,Module de cours consulté
2025-12-04 14:15:42,25307,Cours: FC : Python avancée (2025-2026),Système,Cours consulté
2025-12-04 13:54:44,25307,Cours: FC : Python avancée (2025-2026),Système,Cours consulté
2025-12-04 13:54:05,25307,Devoir: Espace de dépôt du TP Pendu/Tkinter,Devoir,Statut du travail remis consulté
2025-12-04 13:54:04,25307,Devoir: Espace de dépôt du TP Pendu/Tkinter,Devoir,Module de cours consulté
2025-12-04 13:54:00,25307,Cours: FC : Python avancée (2025-2026),Système,Cours consulté
2025-12-04 13:53:57,25307,Présence: Présence,Présence,Rapport de session consulté
2025-12-04 13:53:55,25307,Cours: FC : Python avancée (2025-2026),Système,Cours consulté
2025-12-04 13:53:53,25307,Forum: Forum (questions/réponses),Forum,Module de cours consulté
2025-12-04 13:53:45,25307,Cours: FC : Python avancée (2025-2026),Système,Cours consulté
2025-12-04 13:37:03,25307,Présence: Présence,Présence,Rapport de session consulté
2025-12-04 13:37:03,25307,Présence: Présence,Présence,Statut de présence renseigné par l’étudiant
2025-12-04 13:36:52,25307,Présence: Présence,Présence,Rapport de session consulté
2025-12-04 13:36:43,25307,Cours: FC : Python avancée (2025-2026),Système,Cours consulté
2025-12-04 10:17:06,25307,Fichier: Tkinter,Système,Achèvement d’activité modifié
2025-12-04 10:17:06,25307,Fichier: Tkinter,Système,Achèvement d’activité modifié
2025-12-04 10:17:06,25307,Fichier: Tkinter,Fichier,Module de cours consulté
2025-12-04 10:17:01,25307,Cours: FC : Python avancée (2025-2026),Système,Cours consulté
2025-12-03 16:02:47,25307,Fichier: Organisation,Fichier,Module de cours consulté
2025-12-03 15:52:47,25307,Cours: FC : Python avancée (2025-2026),Système,Cours consulté
2025-12-03 14:47:36,25307,Fichier: Pendu,Système,Achèvement d’activité modifié
2025-12-03 14:47:36,25307,Fichier: Pendu,Système,Achèvement d’activité modifié
2025-12-03 14:47:36,25307,Fichier: Pendu,Fichier,Module de cours consulté
2025-12-03 14:47:34,25307,Cours: FC : Python avancée (2025-2026),Système,Cours consulté
2025-12-03 14:46:54,25307,Cours: FC : Python avancée (2025-2026),Système,Cours consulté
2025-12-03 14:46:49,25307,Présence: Présence,Présence,Rapport de session consulté
2025-12-03 14:46:44,25307,Présence: Présence,Présence,Rapport de session consulté
2025-12-03 13:38:32,25307,Présence: Présence,Présence,Rapport de session consulté
2025-12-03 13:38:32,25307,Présence: Présence,Présence,Statut de présence renseigné par l’étudiant
2025-12-03 13:38:22,25307,Présence: Présence,Présence,Rapport de session consulté
2025-12-03 13:38:15,25307,Cours: FC : Python avancée (2025-2026),Système,Cours consulté
2025-11-27 20:51:00,25307,Cours: FC : Python avancée (2025-2026),Système,Cours consulté
2025-11-27 20:50:44,25307,Fichier: Automobiles,Système,Achèvement d’activité modifié
2025-11-27 20:50:44,25307,Fichier: Automobiles,Système,Achèvement d’activité modifié
2025-11-27 20:50:44,25307,Fichier: Automobiles,Fichier,Module de cours consulté
2025-11-27 20:50:27,25307,Cours: FC : Python avancée (2025-2026),Système,Cours consulté
2025-11-27 15:56:48,25307,Cours: FC : Python avancée (2025-2026),Système,Cours consulté
2025-11-27 15:16:03,25307,Fichier: POO #2,Système,Achèvement d’activité modifié
2025-11-27 15:16:03,25307,Fichier: POO #2,Système,Achèvement d’activité modifié
2025-11-27 15:16:03,25307,Fichier: POO #2,Fichier,Module de cours consulté
2025-11-27 15:15:42,25307,Cours: FC : Python avancée (2025-2026),Système,Cours consulté
2025-11-27 14:54:02,25307,Cours: FC : Python avancée (2025-2026),Système,Cours consulté
2025-11-27 13:36:52,25307,Cours: FC : Python avancée (2025-2026),Système,Cours consulté
2025-11-27 13:36:48,25307,Fichier: POO #1,Système,Achèvement d’activité modifié
2025-11-27 13:36:48,25307,Fichier: POO #1,Système,Achèvement d’activité modifié
2025-11-27 13:36:48,25307,Fichier: POO #1,Fichier,Module de cours consulté
2025-11-27 13:36:47,25307,Fichier: Organisation,Fichier,Module de cours consulté
2025-11-27 13:35:15,25307,Présence: Présence,Présence,Rapport de session consulté
2025-11-27 13:35:15,25307,Présence: Présence,Présence,Statut de présence renseigné par l’étudiant
2025-11-27 13:35:06,25307,Présence: Présence,Présence,Rapport de session consulté
2025-11-27 13:35:04,25307,Cours: FC : Python avancée (2025-2026),Système,Cours consulté
2025-11-26 15:42:16,25307,Fichier: Dataset Automobiles,Fichier,Module de cours consulté
2025-11-26 15:42:12,25307,Cours: FC : Python avancée (2025-2026),Système,Cours consulté
2025-11-26 15:41:35,25307,Cours: FC : Python avancée (2025-2026),Système,Cours consulté
2025-11-26 15:41:09,25307,Cours: FC : Python avancée (2025-2026),Système,Cours consulté
2025-11-26 15:41:07,25307,Cours: FC : Python avancée (2025-2026),Système,Cours consulté
2025-11-26 15:41:02,25307,Cours: FC : Python avancée (2025-2026),Système,Cours consulté
2025-11-26 15:40:56,25307,Cours: FC : Python avancée (2025-2026),Système,Cours consulté
2025-11-26 15:40:54,25307,Cours: FC : Python avancée (2025-2026),Système,Cours consulté
2025-11-26 15:40:51,25307,Cours: FC : Python avancée (2025-2026),Système,Cours consulté
2025-11-26 15:40:49,25307,Cours: FC : Python avancée (2025-2026),Système,Cours consulté
2025-11-26 15:40:46,25307,Cours: FC : Python avancée (2025-2026),Système,Cours consulté
2025-11-26 15:40:40,25307,Cours: FC : Python avancée (2025-2026),Système,Cours consulté
2025-11-26 15:40:37,25307,Cours: FC : Python avancée (2025-2026),Système,Cours consulté
2025-11-26 15:40:35,25307,Cours: FC : Python avancée (2025-2026),Système,Cours consulté
2025-11-26 15:40:31,25307,Cours: FC : Python avancée (2025-2026),Système,Cours consulté
2025-11-26 15:40:18,25307,Cours: FC : Python avancée (2025-2026),Système,Cours consulté
2025-11-26 15:40:17,25307,Cours: FC : Python avancée (2025-2026),Système,Cours consulté
2025-11-26 15:40:12,25307,Cours: FC : Python avancée (2025-2026),Système,Cours consulté
2025-11-26 14:24:54,25307,Cours: FC : Python avancée (2025-2026),Système,Cours consulté
2025-11-26 14:13:28,25307,Cours: FC : Python avancée (2025-2026),Système,Cours consulté
2025-11-26 14:13:24,25307,Présence: Présence,Présence,Rapport de session consulté
2025-11-26 14:11:45,25307,Cours: FC : Python avancée (2025-2026),Système,Cours consulté
2025-11-26 14:11:00,25307,Forum: Forum (questions/réponses),Forum,Module de cours consulté
2025-11-26 14:10:58,25307,Présence: Présence,Présence,Rapport de session consulté
2025-11-26 14:10:57,25307,Forum: Forum (questions/réponses),Forum,Module de cours consulté
2025-11-26 14:10:12,25307,Présence: Présence,Présence,Rapport de session consulté
2025-11-26 14:10:11,25307,Présence: Présence,Présence,Statut de présence renseigné par l’étudiant
2025-11-26 14:10:11,25307,Cours: FC : Python avancée (2025-2026),Système,Utilisateur évalué
2025-11-26 14:09:02,25307,Présence: Présence,Présence,Rapport de session consulté
2025-11-26 13:09:17,25307,Cours: FC : Python avancée (2025-2026),Système,Cours consulté
2025-11-26 13:09:13,25307,Fichier: Organisation,Fichier,Module de cours consulté
2025-11-26 13:09:04,25307,Fichier: Organisation,Fichier,Module de cours consulté
2025-11-26 13:08:35,25307,Cours: FC : Python avancée (2025-2026),Système,Profil utilisateur consulté
2025-11-26 13:08:27,25307,Cours: FC : Python avancée (2025-2026),Système,Liste d’utilisateurs consultée
2025-11-26 13:08:22,25307,Cours: FC : Python avancée (2025-2026),Système,Cours consulté
2025-11-26 13:08:19,25307,Forum: Forum (questions/réponses),Forum,Module de cours consulté
2025-11-26 13:08:16,25307,Cours: FC : Python avancée (2025-2026),Système,Cours consulté
2025-11-26 09:57:48,25307,Cours: FC : Python avancée (2025-2026),Système,Cours consulté
2025-11-26 09:57:42,25307,Présence: Présence,Présence,Rapport de session consulté
2025-11-26 09:56:12,25307,Présence: Présence,Présence,Rapport de session consulté
2025-11-26 09:56:09,25307,Présence: Présence,Présence,Rapport de session consulté
2025-11-26 09:55:04,25307,Présence: Présence,Présence,Rapport de session consulté
2025-11-26 09:54:22,25307,Fichier: Organisation,Système,Achèvement d’activité modifié
2025-11-26 09:54:22,25307,Fichier: Organisation,Système,Achèvement d’activité modifié
2025-11-26 09:54:22,25307,Fichier: Organisation,Fichier,Module de cours consulté
2025-11-26 09:54:17,25307,Cours: FC : Python avancée (2025-2026),Système,Cours consulté
2025-12-04 14:17:00,13922,Fichier: Dataset COVID19 (big),Fichier,Module de cours consulté
2025-12-04 14:16:55,13922,Cours: FC : Python avancée (2025-2026),Système,Cours consulté
2025-12-04 13:53:58,13922,Fichier: Pendu,Fichier,Module de cours consulté
2025-12-04 13:53:44,13922,Fichier: Tkinter,Système,Achèvement d’activité modifié
2025-12-04 13:53:44,13922,Fichier: Tkinter,Système,Achèvement d’activité modifié
2025-12-04 13:53:44,13922,Fichier: Tkinter,Fichier,Module de cours consulté
2025-12-04 13:53:40,13922,Cours: FC : Python avancée (2025-2026),Système,Cours consulté
2025-12-04 13:38:06,13922,Présence: Présence,Présence,Rapport de session consulté
2025-12-04 13:38:06,13922,Présence: Présence,Présence,Statut de présence renseigné par l’étudiant
2025-12-04 13:37:51,13922,Présence: Présence,Présence,Rapport de session consulté
2025-12-04 13:37:48,13922,Cours: FC : Python avancée (2025-2026),Système,Cours consulté
2025-12-03 16:02:51,13922,Fichier: Organisation,Fichier,Module de cours consulté
2025-12-03 16:02:42,13922,Cours: FC : Python avancée (2025-2026),Système,Cours consulté
2025-12-03 14:47:37,13922,Fichier: Pendu,Système,Achèvement d’activité modifié
2025-12-03 14:47:37,13922,Fichier: Pendu,Système,Achèvement d’activité modifié
2025-12-03 14:47:37,13922,Fichier: Pendu,Fichier,Module de cours consulté
2025-12-03 14:47:34,13922,Cours: FC : Python avancée (2025-2026),Système,Cours consulté
2025-12-03 14:47:22,13922,Cours: FC : Python avancée (2025-2026),Système,Cours consulté
2025-12-03 13:38:11,13922,Présence: Présence,Présence,Rapport de session consulté
2025-12-03 13:38:10,13922,Présence: Présence,Présence,Statut de présence renseigné par l’étudiant
2025-12-03 13:37:52,13922,Présence: Présence,Présence,Rapport de session consulté
2025-12-03 13:37:46,13922,Cours: FC : Python avancée (2025-2026),Système,Cours consulté
2025-11-27 15:15:27,13922,Fichier: POO #2,Système,Achèvement d’activité modifié
2025-11-27 15:15:27,13922,Fichier: POO #2,Système,Achèvement d’activité modifié
2025-11-27 15:15:27,13922,Fichier: POO #2,Fichier,Module de cours consulté
2025-11-27 15:15:24,13922,Cours: FC : Python avancée (2025-2026),Système,Cours consulté
2025-11-27 15:14:14,13922,Fichier: Dataset Automobiles,Fichier,Module de cours consulté
2025-11-27 15:13:18,13922,Fichier: POO #1,Système,Achèvement d’activité modifié
2025-11-27 15:13:18,13922,Fichier: POO #1,Système,Achèvement d’activité modifié
2025-11-27 15:13:18,13922,Fichier: POO #1,Fichier,Module de cours consulté
2025-11-27 15:13:11,13922,Cours: FC : Python avancée (2025-2026),Système,Cours consulté
2025-11-27 13:36:21,13922,Présence: Présence,Présence,Rapport de session consulté
2025-11-27 13:36:21,13922,Présence: Présence,Présence,Statut de présence renseigné par l’étudiant
2025-11-27 13:36:06,13922,Présence: Présence,Présence,Rapport de session consulté
2025-11-27 13:36:03,13922,Cours: FC : Python avancée (2025-2026),Système,Cours consulté
2025-11-26 15:42:29,13922,Fichier: Dataset Automobiles,Fichier,Module de cours consulté
2025-11-26 15:42:25,13922,Cours: FC : Python avancée (2025-2026),Système,Cours consulté
2025-11-26 15:42:22,13922,Cours: FC : Python avancée (2025-2026),Système,Cours consulté
2025-11-26 15:40:25,13922,Cours: FC : Python avancée (2025-2026),Système,Cours consulté
2025-11-26 14:13:52,13922,Présence: Présence,Présence,Rapport de session consulté
2025-11-26 14:13:52,13922,Présence: Présence,Présence,Statut de présence renseigné par l’étudiant
2025-11-26 14:13:52,13922,Cours: FC : Python avancée (2025-2026),Système,Utilisateur évalué
2025-11-26 14:13:32,13922,Présence: Présence,Présence,Rapport de session consulté
2025-11-26 14:13:29,13922,Cours: FC : Python avancée (2025-2026),Système,Cours consulté
2025-11-26 10:35:31,13922,Cours: FC : Python avancée (2025-2026),Système,Cours consulté
2025-11-26 10:34:39,13922,Présence: Présence,Présence,Rapport de session consulté
2025-11-26 10:34:16,13922,Cours: FC : Python avancée (2025-2026),Système,Cours consulté
2025-11-26 09:11:59,13922,Fichier: Organisation,Système,Achèvement d’activité modifié
2025-11-26 09:11:59,13922,Fichier: Organisation,Système,Achèvement d’activité modifié
2025-11-26 09:11:59,13922,Fichier: Organisation,Fichier,Module de cours consulté
2025-11-26 09:11:51,13922,Cours: FC : Python avancée (2025-2026),Système,Cours consulté
